participant_code,device_category,browser,puzzle_experience,started,first_guess_seconds,result,share_attempt,critical_blocker,rule_clarity_1_5,fairness_1_5,return_tomorrow,notes,issue_refs
P01,,,,,,,,,,,,,
P02,,,,,,,,,,,,,
P03,,,,,,,,,,,,,
P04,,,,,,,,,,,,,
P05,,,,,,,,,,,,,
P06,,,,,,,,,,,,,
P07,,,,,,,,,,,,,
P08,,,,,,,,,,,,,
P09,,,,,,,,,,,,,
P10,,,,,,,,,,,,,
P11,,,,,,,,,,,,,
P12,,,,,,,,,,,,,
P13,,,,,,,,,,,,,
P14,,,,,,,,,,,,,
P15,,,,,,,,,,,,,
P16,,,,,,,,,,,,,
P17,,,,,,,,,,,,,
P18,,,,,,,,,,,,,
P19,,,,,,,,,,,,,
P20,,,,,,,,,,,,,
P21,,,,,,,,,,,,,
P22,,,,,,,,,,,,,
P23,,,,,,,,,,,,,
P24,,,,,,,,,,,,,
P25,,,,,,,,,,,,,
P26,,,,,,,,,,,,,
P27,,,,,,,,,,,,,
P28,,,,,,,,,,,,,
P29,,,,,,,,,,,,,
P30,,,,,,,,,,,,,
